index,Toei Animation,Bandai Namco Holdings,Kadokawa Corporation,Avex Group (Anime Music / Production),Bushiroad (Media Mix / Anime IP),TV Tokyo Holdings,Fuji Media Holdings,Nippon TV Holdings (Owns Studio Ghibli),Tokyo Broadcasting System (TBS),Asahi Broadcasting Group,WOWOW (Anime channel),Kadokawa Pictures (covered by Kadokawa),Happinet (anime distributor),Square Enix Holdings,Media Do (digital manga),Takara Tomy,Pony Canyon,Netflix (Anime Production),Amazon (Anime Licensing),Disney (Anime streaming),Rakuten (Rakuten TV),Sega Sammy Holdings,Konami Group,Capcom,Koei Tecmo,SoftBank Group,LINE Yahoo Japan (Z Holdings),GREE (anime mobile games),DeNA (anime mobile games),TotalValue
1962Q1,,,,,,,,,,,,,,,,,,,,166424631.49,,,,,,,,,,166424631.49
1962Q2,,,,,,,,,,,,,,,,,,,,119112691.91,,,,,,,,,,119112691.91
1962Q3,,,,,,,,,,,,,,,,,,,,114103170.67,,,,,,,,,,114103170.67
1962Q4,,,,,,,,,,,,,,,,,,,,128992481.63,,,,,,,,,,128992481.63
1963Q1,,,,,,,,,,,,,,,,,,,,155364764.76,,,,,,,,,,155364764.76
1963Q2,,,,,,,,,,,,,,,,,,,,173137308.81,,,,,,,,,,173137308.81
1963Q3,,,,,,,,,,,,,,,,,,,,192056024.50,,,,,,,,,,192056024.50
1963Q4,,,,,,,,,,,,,,,,,,,,181163968.72,,,,,,,,,,181163968.72
1964Q1,,,,,,,,,,,,,,,,,,,,200655750.29,,,,,,,,,,200655750.29
1964Q2,,,,,,,,,,,,,,,,,,,,180017810.37,,,,,,,,,,180017810.37
1964Q3,,,,,,,,,,,,,,,,,,,,213268825.99,,,,,,,,,,213268825.99
1964Q4,,,,,,,,,,,,,,,,,,,,208682410.20,,,,,,,,,,208682410.20
1965Q1,,,,,,,,,,,,,,,,,,,,246519814.99,,,,,,,,,,246519814.99
1965Q2,,,,,,,,,,,,,,,,,,,,219001386.81,,,,,,,,,,219001386.81
1965Q3,,,,,,,,,,,,,,,,,,,,229322145.81,,,,,,,,,,229322145.81
1965Q4,,,,,,,,,,,,,,,,,,,,271745966.38,,,,,,,,,,271745966.38
1966Q1,,,,,,,,,,,,,,,,,,,,243081366.55,,,,,,,,,,243081366.55
1966Q2,,,,,,,,,,,,,,,,,,,,244227524.90,,,,,,,,,,244227524.90
1966Q3,,,,,,,,,,,,,,,,,,,,206388311.12,,,,,,,,,,206388311.12
1966Q4,,,,,,,,,,,,,,,,,,,,363474095.79,,,,,,,,,,363474095.79
1967Q1,,,,,,,,,,,,,,,,,,,,403605599.67,,,,,,,,,,403605599.67
1967Q2,,,,,,,,,,,,,,,,,,,,456350165.94,,,,,,,,,,456350165.94
1967Q3,,,,,,,,,,,,,,,,,,,,458642482.63,,,,,,,,,,458642482.63
1967Q4,,,,,,,,,,,,,,,,,,,,506800659.72,,,,,,,,,,506800659.72
1968Q1,,,,,,,,,,,,,,,,,,,,384113831.40,,,,,,,,,,384113831.40
1968Q2,,,,,,,,,,,,,,,,,,,,577889080.12,,,,,,,,,,577889080.12
1968Q3,,,,,,,,,,,,,,,,,,,,678791823.48,,,,,,,,,,678791823.48
1968Q4,,,,,,,,,,,,,,,,,,,,779692757.85,,,,,,,,,,779692757.85
1969Q1,,,,,,,,,,,,,,,,,,,,729242317.27,,,,,,,,,,729242317.27
1969Q2,,,,,,,,,,,,,,,,,,,,687964601.84,,,,,,,,,,687964601.84
1969Q3,,,,,,,,,,,,,,,,,,,,880593745.42,,,,,,,,,,880593745.42
1969Q4,,,,,,,,,,,,,,,,,,,,1229162408.92,,,,,,,,,,1229162408.92
1970Q1,,,,,,,,,,,,,,,,,,,,1352995395.59,,,,,,,,,,1352995395.59
1970Q2,,,,,,,,,,,,,,,,,,,,1076663119.84,,,,,,,,,,1076663119.84
1970Q3,,,,,,,,,,,,,,,,,,,,1081249455.81,,,,,,,,,,1081249455.81
1970Q4,,,,,,,,,,,,,,,,,,,,1296812354.28,,,,,,,,,,1296812354.28
1971Q1,,,,,,,,,,,,,,,,,,,,1852915487.24,,,,,,,,,,1852915487.24
1971Q2,,,,,,,,,,,,,,,,,,,,2091410491.22,,,,,,,,,,2091410491.22
1971Q3,,,,,,,,,,,,,,,,,,,,1988215590.78,,,,,,,,,,1988215590.78
1971Q4,,,,,,,,,,,,,,,,,,,,2522534585.57,,,,,,,,,,2522534585.57
1972Q1,,,,,,,,,,,,,,,,,,,,2916967353.68,,,,,,,,,,2916967353.68
1972Q2,,,,,,,,,,,,,,,,,,,,3421473887.71,,,,,,,,,,3421473887.71
1972Q3,,,,,,,,,,,,,,,,,,,,3270120756.97,,,,,,,,,,3270120756.97
1972Q4,,,,,,,,,,,,,,,,,,,,4343345295.36,,,,,,,,,,4343345295.36
1973Q1,,,,,,,,,,,,,,,,,,,,3430646772.48,,,,,,,,,,3430646772.48
1973Q2,,,,,,,,,,,,,,,,,,,,2816064557.11,,,,,,,,,,2816064557.11
1973Q3,,,,,,,,,,,,,,,,,,,,2903208132.93,,,,,,,,,,2903208132.93
1973Q4,,,,,,,,,,,,,,,,,,,,1733669049.36,,,,,,,,,,1733669049.36
1974Q1,,,,,,,,,,,,,,,,,,,,1797878604.27,,,,,,,,,,1797878604.27
1974Q2,,,,,,,,,,,,,,,,,,,,1586903957.18,,,,,,,,,,1586903957.18
1974Q3,,,,,,,,,,,,,,,,,,,,793451978.59,,,,,,,,,,793451978.59
1974Q4,,,,,,,,,,,,,,,,,,,,784279200.24,,,,,,,,,,784279200.24
1975Q1,,,,,,,,,,,,,,,,,,,,1669459281.63,,,,,,,,,,1669459281.63
1975Q2,,,,,,,,,,,,,,,,,,,,1852915487.24,,,,,,,,,,1852915487.24
1975Q3,,,,,,,,,,,,,,,,,,,,1619008841.05,,,,,,,,,,1619008841.05
1975Q4,,,,,,,,,,,,,,,,,,,,1829983594.55,,,,,,,,,,1829983594.55
1976Q1,,,,,,,,,,,,,,,,,,,,2229002698.63,,,,,,,,,,2229002698.63
1976Q2,,,,,,,,,,,,,,,,,,,,2077651270.48,,,,,,,,,,2077651270.48
1976Q3,,,,,,,,,,,,,,,,,,,,1756601048.46,,,,,,,,,,1756601048.46
1976Q4,,,,,,,,,,,,,,,,,,,,1733669049.36,,,,,,,,,,1733669049.36
1977Q1,,,,,,,,,,,,,,,,,,,,1275026513.53,,,,,,,,,,1275026513.53
1977Q2,,,,,,,,,,,,,,,,,,,,1352995395.59,,,,,,,,,,1352995395.59
1977Q3,,,,,,,,,,,,,,,,,,,,1449309940.78,,,,,,,,,,1449309940.78
1977Q4,,,,,,,,,,,,,,,,,,,,1467655603.90,,,,,,,,,,1467655603.90
1978Q1,,,,,,,,,,,,,,,,,,,,1187884746.70,,,,,,,,,,1187884746.70
1978Q2,,,,,,,,,,,,,,,,,,,,1467655603.90,,,,,,,,,,1467655603.90
1978Q3,,,,,,,,,,,,,,,,,,,,1563971958.09,,,,,,,,,,1563971958.09
1978Q4,,,,,,,,,,,,,,,,,,,,1472242046.29,,,,,,,,,,1472242046.29
1979Q1,,,,,,,,,,,,,,,,,,,,1440137162.42,,,,,,,,,,1440137162.42
1979Q2,,,,,,,,,,,,,,,,,,,,1238335293.69,,,,,,,,,,1238335293.69
1979Q3,,,,,,,,,,,,,,,,,,,,1476828382.26,,,,,,,,,,1476828382.26
1979Q4,,,,,,,,,,,,,,,,,,,,1646527282.53,,,,,,,,,,1646527282.53
1980Q1,,,,,,,,,,,,,,,,,,,,1632768061.79,,,,,,,,,,1632768061.79
1980Q2,,,,,,,,,,,,,,,,,,,,1761187490.85,,,,,,,,,,1761187490.85
1980Q3,,,,,,,,,,,,,,,,,,,,1733669049.36,,,,,,,,,,1733669049.36
1980Q4,,,,,,,,,,,,,,,,,,,,1880433928.72,,,,,,,,,,1880433928.72
1981Q1,,,,,,,,,,,,,,,,,,,,2242761919.37,,,,,,,,,,2242761919.37
1981Q2,,,,,,,,,,,,,,,,,,,,2325317243.82,,,,,,,,,,2325317243.82
1981Q3,,,,,,,,,,,,,,,,,,,,1715323386.24,,,,,,,,,,1715323386.24
1981Q4,,,,,,,,,,,,,,,,,,,,1917125254.97,,,,,,,,,,1917125254.97
1982Q1,,,,,,,,,,,,,,,,,,,,1944643696.45,,,,,,,,,,1944643696.45
1982Q2,,,,,,,,,,,,,,,,,,,,2155620258.95,,,,,,,,,,2155620258.95
1982Q3,,,,,,,,,,,,,,,,,,,,2077651270.48,,,,,,,,,,2077651270.48
1982Q4,,,,,,,,,,,,,,,,,,,,2320730907.84,,,,,,,,,,2320730907.84
1983Q1,,,,,,,,,,,,,,,,,,,,2802305336.37,,,,,,,,,,2802305336.37
1983Q2,,,,,,,,,,,,,,,,,,,,2485843259.32,,,,,,,,,,2485843259.32
1983Q3,,,,,,,,,,,,,,,,,,,,2274866909.65,,,,,,,,,,2274866909.65
1983Q4,,,,,,,,,,,,,,,,,,,,1935470811.69,,,,,,,,,,1935470811.69
1984Q1,,,,,,,,,,,,,,,,,,,,2453738481.87,,,,,,,,,,2453738481.87
1984Q2,,,,,,,,,,,,,,,,,,,,1738255385.34,,,,,,,,,,1738255385.34
1984Q3,,,,,,,,,,,,,,,,,,,,2160206594.92,,,,,,,,,,2160206594.92
1984Q4,,,,,,,,,,,,,,,,,,,,2196897921.17,,,,,,,,,,2196897921.17
1985Q1,,,,,,,,,,,,,,,,,,,,2889448912.19,,,,,,,,,,2889448912.19
1985Q2,,,,,,,,,,,,,,,,,,,,3444405993.22,,,,,,,,,,3444405993.22
1985Q3,,,,,,,,,,,,,,,,,,,,3077491666.60,,,,,,,,,,3077491666.60
1985Q4,,,,,,,,,,,,,,,,,,,,4141541830.45,,,,,,,,,,4141541830.45
1986Q1,,,,,,,,,,,,,,,,,,,,5503711706.98,,,,,,,,,,5503711706.98
1986Q2,,,,,,,,,,,,,,,,,,,,8035417261.91,,,,,,,,,,8035417261.91
1986Q3,,,,,,,,,,,,,,,,,,,,5797241891.34,,,,,,,,,,5797241891.34
1986Q4,,,,,,,,,,,,,,,,,,,,6329266654.03,,,,,,,,,,6329266654.03
1987Q1,,,,,,,,,,,,,,,,,,,,9154506224.14,,,,,,,,,,9154506224.14
1987Q2,,,,,,,,,,,,,,,,,,,,10603815632.86,,,,,,,,,,10603815632.86
1987Q3,,,,,,,,,,,,,,,,,,,,11374336250.82,,,,,,,,,,11374336250.82
1987Q4,,,,,,,,,,,,,,,,,,,,8695863262.66,,,,,,,,,,8695863262.66
1988Q1,,,,,,,,,,,,,,,,,,,,8677517918.77,,,,,,,,,,8677517918.77
1988Q2,,,,,,,,,,,,,,,,,,,,9246233794.88,,,,,,,,,,9246233794.88
1988Q3,,,,,,,,,,,,,,,,,,,,9521419912.29,,,,,,,,,,9521419912.29
1988Q4,,,,,,,,,,,,,,,,,,,,9649839873.40,,,,,,,,,,9649839873.40
1989Q1,,,,,,,,,,,,,,,,,,,,11521100704.53,,,,,,,,,,11521100704.53
1989Q2,,,,,,,,,,,,,,,,,,,,13887697738.80,,,,,,,,,,13887697738.80
1989Q3,,,,,,,,,,,,,,,,,,,,17740293166.99,,,,,,,,,,17740293166.99
1989Q4,,,,,,,,,,,,,,,,,,,,16437748211.98,,,,,,,,,,16437748211.98
1990Q1,,,,,,,,,,,,,,,,,,,,16309329102.16,,,,,,,,,,16309329102.16
1990Q2,,,,,,,,,,,,,,,,,,,,18822690590.14,,,,,,,,,,18822690590.14
1990Q3,,,,,,,,,,,,,,,,,,,,13300633964.92,,,,,,,,,,13300633964.92
1990Q4,,,,,,,,,,,,,,,,,,,,14896710381.22,,,,,,,,,,14896710381.22
1991Q1,,,,,,,,,,,,,,,,,,,,17465109603.46,,,,,,,,,,17465109603.46
1991Q2,,,,,,,,,,,,,,,,,,,,16364366836.42,,,,,,,,,,16364366836.42
1991Q3,,,,,,,,,,,,,,,,,,,,16731280524.57,,,,,,,,,,16731280524.57
1991Q4,,,,,,,,,,,,,,,,,,,,16804663602.72,,,,,,,,,,16804663602.72
1992Q1,,,,,,,,,,,,,,,,,,,,22253338001.09,,,,,,,,,,22253338001.09
1992Q2,,,,,,,,,,,,,,,,,,,,21207631265.72,,,,,,,,,,21207631265.72
1992Q3,,,,,,,,,,,,,,,,,,,,21281014343.86,,,,,,,,,,21281014343.86
1992Q4,,,,,,,,,,,,,,,,,,,,25243686943.15,,,,,,,,,,25243686943.15
1993Q1,,,,,,,,,,,,,,,,,,,,26124280475.75,,,,,,,,,,26124280475.75
1993Q2,,,,,,,,,,,,,,,,,,,,23922794941.67,,,,,,,,,,23922794941.67
1993Q3,,,,,,,,,,,,,,,,,,,,22161607876.46,,,,,,,,,,22161607876.46
1993Q4,,,,,,,,,,,,,,,,,,,,25023539411.29,,,,,,,,,,25023539411.29
1994Q1,,,,,,,,,,,,,,,,,,,,24656624020.55,,,,,,,,,,24656624020.55
1994Q2,,,,,,,,,,,,,,,,,,,,24436476488.70,,,,,,,,,,24436476488.70
1994Q3,,,,,,,,,,,,,,,,,,,,22748672501.64,,,,,,,,,,22748672501.64
1994Q4,,,,,,,,,,,,,,,,,,,,27004874008.35,,,,,,,,,,27004874008.35
1995Q1,,,,,,,,,,,,,,,,,,,,31407841671.35,,,,,,,,,,31407841671.35
1995Q2,,,,,,,,,,,,,,,,,,,,32581967516.54,,,,,,,,,,32581967516.54
1995Q3,,,,,,,,,,,,,,,,,,,,33682711986.17,,,,,,,,,,33682711986.17
1995Q4,,,,,,,,,,,,,,,,,,,,34563305518.77,,,,,,,,,,34563305518.77
1996Q1,,,,,,,,,,,,,,,,,,,,37498615023.99,,,,,,,,,,37498615023.99
1996Q2,,,,,,,,,,,,,,,,,,,,36911553803.98,,,,,,,,,,36911553803.98
1996Q3,,,,,,,,,,,,,,,,,,,,37131701335.83,,,,,,,,,,37131701335.83
1996Q4,,,,,,,,,,,,,,,,,,,,40947607778.82,,,,,,,,,,40947607778.82
1997Q1,,,,,,,,,,,,,,,,,,,,42782179624.76,,,,,,,,,,42782179624.76
1997Q2,,,,,,,,,,,,,,,,,,,824033910.63,47111762507.02,,,,,,,,,,47935796417.65
1997Q3,,,,,,,,,,,,,,,,,,,2318996561.75,47331913444.05,,,,,,,,,,49650910005.80
1997Q4,,,,,,,,,,,,,,,,,,,2683693297.63,58119186772.28,,,,,,,,,,60802880069.91
1998Q1,,,,,,,,,,,,,,,,,,,3809779030.30,62668920591.57,,,,,,,,,,66478699621.87
1998Q2,,,,,,,,,,,,,,,,,,,8886242186.58,61678254995.63,,,,,,,,,,70564497182.21
1998Q3,,,,,,,,,,,,,,,,,,,9944124747.67,44690132846.25,,,,,,,,,,54634257593.93
1998Q4,,,,,,,,,,,,,,,,,,,28618595714.45,52835622171.51,,,,,,,,,,81454217885.96
1999Q1,,,,,,,,,,,,,,,,,,,46018044332.34,54816960173.74,,,,,,,,,,100835004506.08
1999Q2,,,,,,,,,,,,,,,,,,,33440331449.66,54266586236.34,,,,,,,,,,87706917686.00
1999Q3,,,,,,,,,,,,,,,,,,,42727457628.71,45790873910.71,,,,,,,,,,88518331539.42
1999Q4,,,,,,,,,,,,,,,,,,,40689635711.37,51514733575.19,,,,,,,,,,92204369286.56
2000Q1,,,,,,,,,,,,,,,,,,,35812222617.35,72648985167.93,,,948896172000.00,,,7241810386121.48,,,,8299167765906.77
2000Q2,,,,,,,,,,39700172250.00,,,,,,,,,19409422935.22,68356089568.28,1396447271205.00,,908229193200.00,,,3419084138400.00,,,,5851226287558.50
2000Q3,,,,,,,,,,45550723950.00,,,,,,,,,20545258896.14,67365417161.99,584559322830.00,,1209164836320.00,,,2398107682817.87,,,,4325293241976.01
2000Q4,26356373259.00,,,,,,,,,48434210145.00,,,,,,,,,8318324206.12,50964363042.96,140727244385.00,,1161720027720.00,,,942622531028.94,,,,2379143073787.02
2001Q1,50737720092.48,2796632693280.00,,175326533250.00,,,917411817970.00,965393863200.00,468777058750.00,40535965350.00,,,19146867624.00,245182249080.00,,119988974700.00,,,5468045499.82,50369960280.23,216503452900.00,237602229800.00,801139482360.00,187183040490.00,130725777270.23,1115951043966.06,,,,8544076775862.82
2001Q2,44948853620.00,2349948304770.00,,224630479570.00,,,750039080370.00,747561401760.00,376275900000.00,34685413650.00,87846439100.00,,18543038656.50,251592240074.78,,114656131380.00,,,7563327623.88,50880704869.65,159130037881.50,232345543300.00,771317031240.00,225874506960.00,113325424171.41,971114898848.94,,,,7532278757846.66
2001Q3,36435812122.48,1799684927620.00,,180639458500.00,,,605680094190.00,658448122080.00,311995433750.00,26745379200.00,56675122000.00,,11582537467.50,252393491700.00,,72126705903.00,,,3191029494.58,32793309283.33,136397175327.00,166006159670.00,387014081580.00,128622983130.00,70493765383.27,500990786343.03,,,,5437916374744.19
2001Q4,54483456854.95,2557106282050.00,,165763267800.00,,,553376113690.00,690875454408.00,311995433750.00,25073793000.00,42364653695.00,,12076579350.00,289050649020.66,,76437420920.00,,,5783406953.71,36491805525.42,142892278914.00,274924703950.00,527315158440.00,181431606285.00,105919110516.09,503365179311.97,,,,6556726354434.79
2002Q1,49103216324.48,2349948304770.00,,119222042610.00,,,723887090120.00,747561401760.00,397441419375.00,24948424035.00,45340097600.00,,13855130127.00,275830030215.00,,53817277171.00,7191234940.00,,7643504167.50,40648204956.19,229493660074.00,247589934150.00,399891958200.00,181431606285.00,97709715875.45,563911460929.47,,,,6576465713685.09
2002Q2,42224681712.52,2783685319700.00,,119222042610.00,,,724933169730.00,661913638512.00,420958663125.00,25867796445.00,37263892715.00,,12779216694.00,277031896649.34,,64260762006.00,4547398565.00,423431473.27,8685800508.94,33286442342.62,303104834060.00,302785142400.00,340924838940.00,162085873050.00,108506856695.32,395094181595.97,,,,6829585879529.98
2002Q3,51078242750.00,3081474912040.00,,69790586084.00,,,559652591350.00,512896431936.00,278287384375.00,22566413700.00,32304819540.00,,10781091747.00,263210355630.00,,59061239769.00,2049501990.17,293587200.65,8514757343.32,26664377615.40,194853107610.00,239179235750.00,424292145480.00,145354428090.00,97442012018.16,279700070187.02,,,,6359447292205.72
2002Q4,48422174127.00,2647737897110.00,,61077388674.00,,,500026053580.00,438140291760.00,233918184500.00,18805344750.00,28054185390.00,,8837860342.50,243980382645.66,,43418232697.00,2051617027.00,333235826.28,10096909333.34,28724967503.23,195719124725.18,123006464100.00,371425073040.00,93434662948.50,80398583801.70,321726312721.52,,,,5499334946602.90
2003Q1,40862594200.00,2880790621550.00,,52279184460.00,,,384957296480.00,302242540248.00,222473125875.00,16966599930.00,10938298546.00,,9156242889.00,213212399462.34,,38751994792.00,1522849752.00,615924599.61,13913315740.71,29975409979.01,248978970835.00,70544732830.00,235190694060.00,54011195761.50,81380142521.49,327662229930.00,,,,5236426364441.67
2003Q2,39159987147.52,2964948549820.00,,68685497632.00,,,443537754640.00,354225286728.00,229371517375.00,18512817165.00,12284332693.50,,10221177613.50,245783193300.66,,54617203669.00,1967014263.00,773311529.76,19413432112.86,34783453050.62,394036284278.00,89679071690.00,291446681400.00,64729777689.00,80933981320.77,540167792095.53,,,,5959278117213.72
2003Q3,42224681712.52,1845000735150.00,,79906395760.00,,,570113387450.00,404475274992.00,241757265750.00,24029051625.00,14877219525.00,,10781091747.00,334120915395.66,,65282890309.00,3066850195.00,1015745712.92,25886357724.01,35523150936.97,904984433122.00,119221649820.00,483937047720.00,72258927921.00,98245113394.52,1120699829903.94,,,,6497408015866.54
2003Q4,37321170408.52,1747895433300.00,,83094150910.00,,,606726173800.00,396059020800.00,267626233875.00,29252758500.00,17285912210.00,,9650284771.50,303473134260.66,,70393531824.00,3341809178.00,1655280704.06,28125958773.52,41088503425.07,1021896297688.00,107236404600.00,422936579520.00,69017210460.00,93248083477.25,778791416063.94,3082825718550.00,,,9218941067099.52
2004Q1,38751361205.52,1718763842745.00,,82584110086.00,,,613002651460.00,460171074792.00,327673596250.00,32219824005.00,16719160990.00,,12252238686.00,373782727798.69,,89102923805.00,5287672750.00,2065394248.58,23133627814.82,44012075315.37,1602125551460.00,119221649820.00,412092051840.00,53958909996.00,103063670675.09,1156315289678.94,5437762031331.25,,,12724061436753.26
2004Q2,41339323426.48,1922684976630.00,,84879293794.00,,,523039805000.00,443091029520.00,301020720000.00,30130341255.00,35138575640.00,,14645597139.00,359360264565.66,,79414925107.00,10575345500.00,2179195993.50,29077387855.77,44892668847.97,1803473762657.00,147187222000.00,375491770920.00,62795204365.50,108774560552.61,1139694712800.00,4538604530087.50,,,12097491213656.99
2004Q3,35141831012.00,1679921722005.00,,65072708462.00,,97717313570.00,468643665280.00,412396455408.00,269507613375.00,28500544710.00,30604565880.00,,13174450200.00,362965885875.66,,75770815505.00,8164166726.00,933422995.69,21840111126.96,39714776833.18,1552329757293.00,156544123970.00,330758094240.00,51972050907.00,70136835403.15,1213300025318.94,4196068339137.50,,,11181179275234.08
2004Q4,29284858137.48,1508369022070.00,,54871891982.00,,87599444590.00,464459346840.00,380959270632.00,261982095375.00,28834861950.00,33863385395.00,,14162533965.00,364167752310.00,,70749054712.00,6218303154.00,746374868.34,23673482826.22,48961010628.07,2533090398930.00,591902899900.00,321946915500.00,50926335597.00,72635350361.78,1184807657498.94,4213195148685.00,,,12347407395907.83
2005Q1,28195189998.00,1408026876825.00,,64010123412.00,,92924638790.00,529316282660.00,414871824288.00,327673596250.00,43670189475.00,51999424435.00,,20716822939.50,395416455658.69,,84214484095.00,8883290220.00,656785122.75,18317685379.53,50598916982.32,2024307284615.00,685471919600.00,322624698480.00,54743196478.50,92355761075.82,1049468910353.94,4298829196422.50,,88196469375.79,12155490022932.34
2005Q2,32894388331.00,1450105840960.00,,65965279904.00,,79212263725.00,449814232300.00,373533163992.00,287851063500.00,40828492935.00,44631658575.00,,25031455380.00,406233319588.69,,78303916082.00,19670142630.00,993351480.93,17686962471.76,44346701198.28,1924715696281.00,714909364000.00,317202434640.00,55109196837.00,100832859573.75,1032848333475.00,3990546624567.50,,115819808774.21,11669086551202.12
2005Q3,42224681712.52,407842267770.00,,84071729156.00,,98249832990.00,531408441880.00,432446943336.00,413119581875.00,50565482550.00,51432673215.00,,27556558335.00,377388349108.69,,84436685900.00,17449320075.00,1573258853.88,24213340386.36,42497453077.23,1879249971172.00,941998220800.00,346347102780.00,65357206875.00,106632970476.34,1495849310550.00,4555731339635.00,,98477800481.85,12176120522990.87
2005Q4,61974936615.05,372021214036.08,,128785308060.00,,107302663130.00,621371288340.00,448784377944.00,501701200000.00,66361972140.00,37122204910.00,,32936125500.00,397820232541.31,,95102372540.00,15545757885.00,1638026278.86,25202185061.53,42215661784.73,2468139363060.00,830556467000.00,351769366620.00,72415785217.50,99137435795.95,3547299793590.00,6131397818005.00,,126720488813.69,16583322044868.71
2006Q1,51691181663.00,347852757011.92,,142811430720.00,,126473362250.00,615094810680.00,427743742464.00,495429935000.00,62475534225.00,37547268325.00,,37766757240.00,365369618744.34,,75281971534.00,13705647768.00,1754857783.36,19525680165.99,49119517804.45,2316586946030.00,1005078458800.00,401925307140.00,63213490489.50,84860216199.91,2457466724475.00,4918819702042.00,,130808255736.31,14248403174291.78
2006Q2,46310941132.52,375258057431.08,,114971702410.00,,97451053860.00,531408441880.00,385414934616.00,431933376875.00,62893430775.00,34288448810.00,,27556558335.00,286045949924.34,,75193090812.00,9010194366.00,1647106844.11,20674877928.39,52835622171.51,1472223479720.00,891534030400.00,342280404900.00,71736070266.00,82004771261.15,1827073086457.50,4151538634314.00,,130808255736.31,11522092521225.92
2006Q3,34801308354.48,400721212301.00,,106045987990.00,,117420532110.00,558606511740.00,399524537232.00,431933376875.00,67030606620.00,33438321980.00,,24592307040.00,344336835105.00,,72971072762.00,10099454952.50,1378947865.47,17168486342.75,54438305465.49,1002410986927.00,799016348000.00,406669788000.00,89722373598.00,77632375181.30,1741595982997.50,3045146737545.50,,120403049400.00,9957105446384.99
2006Q4,33439223959.52,376552794789.08,,81053987614.00,,128603439930.00,569067307840.00,437150144208.00,622423051250.00,67949979030.00,47890478090.00,,20881503567.00,374984616240.00,,71548981210.00,8121865344.00,1565390091.42,21091796719.84,60355891961.46,1201594163595.00,674958546600.00,488003745600.00,112152966997.50,81647841281.02,1648995787582.50,3247243090206.00,,144929596500.00,10522206190206.36
2007Q1,44948853620.00,396837000227.00,,81394014830.00,,148839177890.00,571159467060.00,480964173384.00,683567885000.00,71460310050.00,52991239070.00,,17379295555.50,365369618744.34,,66838302944.00,6302905918.00,1403765955.64,21268185243.24,60637683253.96,1214584370769.00,578235515000.00,427003277400.00,88467515226.00,83075566299.28,2158296862365.00,2784819232423.50,,141585067350.00,10547429285578.47
2007Q2,46310941132.52,419926496282.08,,71023184742.00,,116888012690.00,518855486560.00,416357045616.00,591066726250.00,74427375555.00,46898663455.00,,18839463786.00,373782727798.69,,72260026986.00,6085054058.89,1173738607.61,36565884293.81,60949760112.79,898489329535.00,419483582700.00,382947383700.00,120257260650.00,104134465713.23,1894742460030.00,2867027918251.50,,159050937263.69,9717543925769.81
2007Q3,41543636397.48,360368577814.08,,63797606402.00,,114757935010.00,483288779820.00,366107057352.00,504836832500.00,73131896250.00,32304819540.00,,15688574446.50,456712017928.69,,54128359698.00,4084198561.19,1256065555.29,49789678828.34,61396082324.29,975348055314.50,321709213800.00,424292145480.00,138557278575.00,144378368126.61,1510095494460.00,2980064861265.00,,188408475450.00,9366046010898.97
2007Q4,33098701302.00,376984347566.92,,59632273006.00,,109965260230.00,387049455700.00,371057795112.00,376275900000.00,75179589345.00,31171317100.00,,17939209689.00,411040829340.00,,73326595650.00,4280899729.31,1611394778.08,49517080236.71,57629121769.57,1190768990950.00,292902571780.00,496137141360.00,149275860502.50,116805492752.07,1645434241605.00,3425361909500.00,,200671749000.00,9953117728004.16
2008Q1,28331399684.52,291315905550.00,,45436136738.00,,118219311240.00,307547405340.00,336897704568.00,373140267500.00,65776916970.00,15160595135.00,,16797424005.00,418252071960.00,,65682853558.00,3088000886.00,2097475073.51,38110620690.91,56022362489.21,1292525613813.00,221832170300.00,508337235000.00,177771602700.00,91909594777.34,1287142716268.50,3548674938242.00,,233373802727.38,9543444125216.37
2008Q2,27922773742.52,259379044133.96,,50451538174.00,,105172585450.00,334745475200.00,300509782032.00,315914974375.00,68117137650.00,25645492705.00,,16039893118.50,377388349108.69,,60794413848.00,5076165840.00,1578102150.35,39195677983.05,55701013357.27,1160458507544.00,194707667960.00,502914971160.00,162085873050.00,86555639977.70,1275033459945.00,2801946041971.00,,232630592172.62,8459965172648.66
2008Q3,32826285046.52,247079039232.96,,39230640046.00,,113692896170.00,282859926544.00,246299203560.00,281423016875.00,46177568775.00,18830309284.50,,15974020867.50,367773373620.00,,63016431898.00,3807124380.00,1869265555.97,38891005970.36,54790515637.19,1264380164936.00,198492482240.00,353124932580.00,156073010017.50,73170742783.09,956631249556.50,2308693927003.00,,153105116736.31,7318212249315.39
2008Q4,23209953193.84,210394820675.00,,42163374784.00,,113160376750.00,268005596082.00,233922359160.00,213850136500.00,42500079135.00,17002536600.00,,16050871827.00,345538701539.34,,51995222370.00,2516932229.00,1809337007.59,27409712689.98,40508204869.19,1234069681530.00,217626821100.00,309069038880.00,104571531000.00,72546114043.43,1141831640386.50,2500514193935.00,92185647406.00,105687121140.00,7428140004832.87
2009Q1,19668527843.58,212121130566.96,,38083048192.00,,101977468930.00,230555946044.00,228229010736.00,202875422750.00,34936151580.00,19127853675.00,,13383045661.50,223428341178.66,,33952435804.00,2939946049.00,2598085258.34,39254472458.35,32420845170.95,1021896297688.00,181460817980.00,200352648888.00,91290946563.00,58893523187.05,894660349548.00,1772282335602.30,93042391341.00,119288206350.00,5868719249045.68
2009Q2,22610634937.74,228736939832.04,,38465578810.00,,77614705465.00,304409166510.00,282934662984.00,237680943500.00,31843717110.00,23378487825.00,,12614536066.50,272224408905.00,,58039111466.00,3384110560.00,2502440224.05,44717174511.95,41650788640.97,1257885061349.00,257157103580.00,250915259196.00,90768088908.00,64069015545.50,1340565905931.00,2106597574342.50,120629546048.00,120031430513.69,7291426392761.95
2009Q3,18851275959.58,198310611919.04,,35405333866.00,,68695005180.00,307547405340.00,319322585520.00,239405541375.00,25826006790.00,28181704414.50,,13613598540.00,292055326110.00,,65949495724.00,2791891212.00,2794815558.76,49901930704.58,49024030076.68,1294690648342.00,245592393280.00,248068570680.00,92232090342.00,64782880603.51,1405386042721.50,2089470764795.00,167579113686.00,92160361068.15,7417639423808.31
2009Q4,22052180211.10,191621128984.00,,31410014078.00,,47873495858.00,269679323458.00,297291802488.00,203816112500.00,24196210245.00,23874395142.50,,13174450200.00,234846127322.34,,67549348720.00,2696713102.50,3334773470.60,71902391095.67,57575565283.50,1530679412003.00,234237950440.00,224481722976.00,80049506980.50,60678178185.43,1545710954235.00,1907241469396.10,196023012328.00,204387897036.31,7546384135739.56
2010Q1,21534587455.16,196584282270.96,,34342748816.00,,49391176205.00,289764051970.00,314866921536.00,222002781000.00,19223241300.00,28025847829.00,,12537685107.00,245662991252.34,,64705165616.00,2749589830.00,4463719320.64,72570529596.36,62324433341.45,1463563341604.00,238022764720.00,244408542588.00,92336661873.00,59607388245.06,1640448077236.50,2332671460369.50,195680314754.00,257157139272.62,8164645443108.58
2010Q2,19014726959.90,168963225219.00,,47221279622.00,,45716792207.00,268005596082.00,302737614024.00,190332892750.00,21187355085.00,25007897582.50,,11286112338.00,197347665698.34,,60172248794.00,2366762355.17,6576931666.49,58400648151.44,56236598649.00,1387787133089.00,269562883720.00,187474772268.00,75291502320.00,52111848466.91,1688885102530.50,2442283041473.50,244000672688.00,261319210920.00,8089290514659.75
2010Q3,19900083687.16,167021119182.00,,47561306838.00,,41696270586.00,222396525086.00,265607080824.00,168383465250.00,18763555095.00,20133837090.50,,11593516176.00,224870589702.66,,59550083740.00,2241973246.00,9816060355.36,83950268087.92,59093058078.47,1322836097219.00,268301278960.00,199810422504.00,68442067039.50,48899473548.02,1945316412910.50,1975748707586.10,232520303959.00,293092237845.00,7777545794596.19
2010Q4,21398377768.63,188168489443.96,,50451538174.00,,31605027577.00,268633243848.00,316104605976.00,180769213625.00,18303868890.00,20403043920.00,,11857005180.00,173069822880.00,,61061056014.00,2358302046.50,10635681542.99,96211944099.00,66966181616.91,1472223479720.00,324863225700.00,233970684696.00,68285209743.00,56930405747.48,2002301148550.50,2157978002985.00,177003296971.00,324642296160.00,8336195152874.97
2011Q1,23427886821.74,195721137203.04,,43098449628.00,,29341820042.00,243527333208.00,292836138504.00,153332429250.00,17217337860.00,19652098553.50,,12010707099.00,173550576055.83,,55994854860.00,4230138200.00,14393581547.21,96281433112.99,76928096646.55,1619445827692.00,304046747160.00,208757157840.00,83134367145.00,60232016984.72,2364866529060.00,2038775450347.90,239031557865.00,335010336525.00,8704844009211.48
2011Q2,22787706594.95,208452714638.00,,44331048286.00,,25800565899.00,248548515336.00,282934662984.00,151921394625.00,16632282690.00,20743094652.00,,10418794366.50,173550576055.83,,60705533126.00,3441217361.15,15901462275.99,109302110423.63,69697678182.32,1799143693599.00,325704295540.00,257015306016.00,96780951940.50,58536593206.92,2158296862365.00,1890799774044.00,300031726037.00,385178273775.00,8736656834019.79
2011Q3,22093042181.79,226794833795.04,,40250721694.00,,30326980969.00,233903400796.00,278478999000.00,150196796750.00,16214386140.00,23817720020.50,,14437001677.50,168622886263.17,,53861717532.00,3631573580.15,6856594942.27,115577266080.25,53844311322.95,1955026179687.00,383738114500.00,355022724924.00,101852671194.00,66389062965.19,1632612676086.00,1661300526107.50,407638764273.00,364553677350.00,8367042629831.32
2011Q4,23700304636.00,236505363980.04,,41908354372.00,,27158490420.00,244154980974.00,291598454064.00,155213808750.00,16506913725.00,27331577584.50,,15479978985.00,181603122979.17,,48084470602.00,3807124380.00,4194344245.61,92523816720.61,66948331725.00,1792648590012.00,349674785980.00,312457953780.00,95055521679.00,56573475767.35,1614804946198.50,1698294392916.60,454416983124.00,257417260245.00,8108063347845.38
2012Q1,26710516573.42,257652734242.00,,42503402000.00,,28702796738.00,297714257006.00,328481450376.00,193468525250.00,19056082680.00,25447129778.00,,21035205486.00,208885653890.34,,53772836810.00,4663727365.50,6963740232.68,108243779283.22,78159943498.57,1877084936643.00,364603775640.00,318015774216.00,98872382560.50,58447361986.33,1743020601388.50,1834623755101.20,357947616043.00,255633511365.00,8609711496153.27
2012Q2,24572039147.58,234563257943.04,,50026504154.00,,24602397204.00,285788949452.00,299024560704.00,153175647625.00,18303868890.00,24143601972.00,,17456146515.00,150114037540.83,,46217975440.00,3849425762.00,4145920120.65,122055536412.00,86586509031.00,1783988451896.00,340633285200.00,242917420032.00,86898942261.00,59607388245.06,2103449054311.50,1762006249873.80,270902432247.00,232667744535.00,8427697346514.46
2012Q3,25062390589.74,285273791293.96,,68260463612.00,,23510732393.00,267377948316.00,284172347424.00,128090587625.00,18094920615.00,25943037095.50,,14316235884.00,143143166007.00,,38663114070.00,5247486566.19,3295425743.59,135936782554.76,93334898689.57,1721202450555.00,311406108260.00,240341844708.00,84493797048.00,57108873286.42,2250897057780.00,2036720107761.70,244857416623.00,288967318560.00,8795718303061.44
2012Q4,27922773742.52,241036944733.04,,74295946696.00,,24655649146.00,272189914522.00,284914958088.00,141730589000.00,18888924060.00,26056387339.50,,15370191900.00,131605177815.00,,42396104394.00,8893865565.50,5604766782.05,134092723963.06,88889533276.82,1459233272546.00,305939154300.00,261895343472.00,68808067398.00,64693644285.16,2236650873870.00,1908611697786.90,229264677006.00,316838394810.00,8390479576497.55
2013Q1,30674186963.79,359289616845.00,,110806369014.00,,28516414941.00,341231168782.00,348779475192.00,220905309625.00,35228679165.00,35053562957.00,,17060913009.00,120427751754.00,,42484985116.00,10723400337.00,11457722295.20,142441784135.73,101404405090.73,2071938044253.00,401821116060.00,256879749420.00,77173789878.00,81647841281.02,3091421908470.00,2966363413627.00,199278639281.00,284842399275.00,11387852646767.47
2013Q2,31423335563.31,347421204234.08,,132823131250.00,,45423906526.00,418013412156.00,449031914832.00,210087377500.00,29837813670.00,47252882967.50,,16138701495.00,143503728138.00,,41240655008.00,8925591602.00,12777949879.19,148428299392.70,112740993349.03,2539585502517.00,522094103180.00,285346634580.00,83918653627.50,79238562640.74,4124270241945.00,3350003947491.00,150786932560.00,217171426140.00,13547486902244.06
2013Q3,34746825726.90,395973855159.08,,121559729720.00,,46009677888.00,451487959676.00,450269599272.00,208989906125.00,30255710220.00,48811448822.50,,16555892418.00,186891363899.34,,40262967066.00,8544879164.00,18717468724.83,167109456357.71,115133273864.75,3215076275565.00,594846644340.00,307171246536.00,98715525264.00,94497340956.57,4836579437445.00,3815853167183.00,131081822055.00,222745641390.00,15657887114838.69
2013Q4,35141831012.00,503652832262.00,,96057688520.00,,44625127396.00,449814232300.00,470072550312.00,204756802250.00,28625913675.00,50653390287.50,,20398440393.00,221144766344.34,57303654400.00,41685058618.00,9623564405.00,22286503276.35,213157570796.68,136396070558.53,3386114003356.00,562885990420.00,329266971684.00,98663239498.50,110469974134.89,6553244598600.00,4007673434115.00,178031389693.00,246603282660.00,18078348880967.80
2014Q1,35414247267.48,527173881094.92,,77058667826.00,,46542197308.00,396464172190.00,417347193168.00,187040478625.00,26034955065.00,52141112240.00,,18927293454.00,255398168789.34,35217080320.00,42484985116.00,7550796687.00,21309498252.49,179793403527.08,142948077354.39,2981252546433.00,486138367520.00,323302481460.00,102375528849.00,124747193730.93,5556011724900.00,3466466252414.00,195337617180.00,207806744520.00,15912284665291.63
2014Q2,37579966007.10,511852848700.08,,75868572570.00,,42175538064.00,368220022720.00,434674775328.00,194879559875.00,26787168855.00,54478961022.50,,36866503143.00,215495974296.66,45083934720.00,52172983814.00,8819838147.00,26670924019.78,173598421228.14,153070661842.25,2834030198461.00,419063047780.00,303511218444.00,89774659363.50,120642496410.61,5372948261656.50,3206138747292.00,152157722856.00,152733497850.00,15109296504466.13
2014Q3,38887567774.48,607447597290.92,,70683157526.00,,58017990809.00,341231168782.00,414376750512.00,191587145750.00,27790120575.00,63405292737.50,,38425479750.00,279916393697.34,40985395200.00,54217240420.00,15588059267.00,27311366095.07,172347659756.31,158944263780.07,2734438610127.00,371122066900.00,309882378456.00,90036088191.00,157941727762.41,5476945404199.50,2856751832523.00,128168892676.00,155520605475.00,14881970256032.60
2014Q4,46583357388.00,553284444156.08,139587246225.00,84071729156.00,4888283794.00,72742152772.00,312359371546.00,439625513088.00,222629907500.00,38153955015.00,71268965915.00,139587246225.00,33133742253.00,301429941516.00,32651698176.00,56439258470.00,15059291992.00,20678744538.09,165885426135.09,168156360763.36,3642670595042.50,327176167760.00,300935643120.00,94950950148.00,158923291579.95,5135749299555.00,2980064861265.00,124056521788.00,161206305030.00,15843950271912.08
2015Q1,48354070842.52,504515977329.92,138048489180.00,81479021634.00,4626504015.00,58790143968.00,356503931088.00,495321312888.00,237680943500.00,44589561885.00,108816234240.00,138048489180.00,31399106310.00,309242128356.66,27399495680.00,63460835508.00,14657428863.00,25223573826.04,198891463991.06,187258945967.29,4586625649686.50,368809124840.00,305002341000.00,124910693779.50,159190985241.73,4971918184590.00,3397959014224.00,143076237145.00,262099601055.00,17393899489814.21
2015Q2,56117960622.95,510989664119.92,116359342260.00,91382314300.00,4328437930.00,51787513595.00,339975873250.00,535917362520.00,265117727875.00,41329968795.00,107399356190.00,116359342260.00,28215280845.00,325587604293.00,29266608128.00,56794781358.00,13007674965.00,39766674361.78,232025795531.31,203772867792.79,4281355781097.50,336427936000.00,308526812496.00,123969550000.50,188013118095.59,5135036990359.50,3384257566586.00,122514382705.00,268231237830.00,17313835526162.84
2015Q3,60953371760.05,597737067105.92,116286068115.00,57762123318.00,3343523910.00,53997469188.00,291646995268.00,476756046288.00,250537036750.00,32470561935.00,92380448860.00,116286068115.00,25514518554.00,355874823297.00,18747023360.00,51817460926.00,8946742293.00,43754601714.03,273610729289.31,182456514612.93,3299512622196.00,244751323440.00,350142687468.00,123028406221.50,163081525593.52,3901317463753.50,3110228613826.00,91671601045.00,247383672795.00,14641997110997.75
2015Q4,80771729947.05,553284444156.08,133285669755.00,61247402282.00,3286502572.00,60866969706.00,299597200304.00,548541743808.00,302588536250.00,35145099855.00,86571248855.00,133285669755.00,25909752060.00,352749944159.34,21403484160.00,70571293268.00,12605811836.00,48466503199.10,361270488345.52,187598155206.64,3037543444187.00,238653567100.00,391487449248.00,153040435618.50,193063694901.64,4372866151174.50,3384257566586.00,98696901312.00,211708695195.00,15460365554802.38
2016Q1,68512951687.05,529547579422.00,127130641575.00,62352490734.00,2967701455.00,54663118463.00,258590879592.00,459676001016.00,273427154000.00,28542334365.00,67641758107.00,127130641575.00,22440480174.00,365369618744.34,24029585408.00,73059953484.00,10934907247.00,43318154694.44,317306983156.27,177297030937.64,2350144981229.50,257998173420.00,451403464680.00,143524426297.50,184497354987.59,3822251143053.00,3281496709301.00,105893550366.00,216168067395.00,13907317836566.34
2016Q2,70692287966.00,568173923773.08,98480450880.00,49048925908.00,2345650495.00,53544827681.00,240389094378.00,415861971840.00,215417952750.00,25909586100.00,67528407863.00,98480450880.00,18773591535.00,397820232541.31,23285776384.00,76526301642.00,11823236269.00,38763032912.15,382506600167.70,174636954370.89,2386950568222.50,231083938540.00,527992941420.00,123185263518.00,200345072613.50,4123557932749.50,3096527166188.00,99039598886.00,265109677290.00,14083801415763.63
2016Q3,69057784198.00,663552895975.00,107493170715.00,58187157338.00,2236791577.00,58896647852.00,285998165374.00,421802857152.00,246303932875.00,27622961955.00,78693406897.00,107493170715.00,23340734271.00,417050183518.69,24333180928.00,94391326764.00,17258963856.00,41758819576.01,447551253415.54,165781923329.21,2838360267519.00,301733805100.00,527992941420.00,129407269612.50,213087478511.50,4645680573051.00,2753990975238.00,96812064655.00,407475134775.00,15273345838163.45
2016Q4,82270020910.95,695921329925.00,123760030905.00,71490722164.00,2462285050.00,61719000778.00,342277248392.00,525273276336.00,293181638750.00,29210968845.00,99323151305.00,123760030905.00,28061578926.00,361163075220.66,20932911104.00,110300976002.00,17766580440.00,52458063434.12,400813611398.51,186062805709.43,2480047052969.50,365655112940.00,639827133120.00,143785855125.00,220261782836.86,5531080903057.50,3075974994731.00,105722201579.00,284730914970.00,16475295257829.54
2017Q1,90714959124.00,718579233690.00,116945535420.00,68387973818.00,2553000815.00,67763096195.00,321355656192.00,474528214296.00,311681870500.00,31718348145.00,109382985460.00,116945535420.00,37832629491.00,378590237550.00,39816552448.00,98924243586.00,20833430635.00,62631876870.45,473865201530.96,202433901158.29,2414013499835.00,313719050320.00,640504916100.00,113512396900.50,226258218737.59,5600174895021.00,3521272042966.00,120115499687.00,251843044995.00,16946898046906.79
2017Q2,106923783999.91,826473987181.83,106394058540.00,63967620010.00,2869210053.00,61133229416.00,319263496972.00,467349644544.00,311525088875.00,34100358480.00,86287873245.00,106394058540.00,43256111490.00,442289532688.69,41941721088.00,118922406036.00,21489102056.00,63309847958.28,517406471244.38,189686939887.50,2862175647338.00,317924399520.00,845873159040.00,139236993526.50,238572310698.54,6479876751463.50,3350003947491.00,168093160047.00,280494511380.00,18613235422810.14
2017Q3,158002026749.91,832947673971.83,100092482070.00,64902694854.00,3628630600.00,62011886459.00,334954691122.00,489132890688.00,327203251375.00,37109213640.00,101023404965.00,100092482070.00,40269902778.00,508392604710.00,38829867008.00,138209522710.00,25317377127.00,76843859740.75,513851969527.13,175975921005.39,2656497367083.00,330540447120.00,733361184360.00,144622427373.00,253027992735.77,6470616731922.00,3658286519346.00,131767217203.00,281163417210.00,18788675657523.78
2017Q4,149829507909.91,795184553713.17,101924335695.00,68217960210.00,4056290635.00,64967369240.00,370730613784.00,478241267616.00,441183492750.00,37945006740.00,94080702520.00,101924335695.00,48130658064.00,644204326048.69,36051968000.00,136165266104.00,24661705706.00,81339655213.88,625094338415.70,191936407647.25,2235398151192.50,293953909080.00,840450895200.00,186921611662.50,243819192111.68,6353798023860.00,3541824214423.00,121314941196.00,258978040515.00,18572328740948.27
2018Q1,143223392671.00,754184511035.00,81261026805.00,63542585990.00,4134047005.00,74446214916.00,379726898430.00,466607033880.00,353856127625.00,36774896400.00,94789141545.00,81261026805.00,33660720261.00,585312540661.31,27657551872.00,97057748424.00,22229376241.00,125149344200.34,773618827486.65,179314416050.86,1946582492166.61,354300670100.00,757761371640.00,240409949769.00,222510446299.64,5662858104225.00,3384257566586.00,103666016135.00,214049865600.00,17264203910825.40
2018Q2,158138239554.00,986158314018.17,89760827625.00,65370232276.00,3605303689.00,90128911835.00,395836524424.00,462646443672.00,390072683000.00,34810782615.00,99606526915.00,89760827625.00,30806256051.00,653819345551.31,38480732160.00,81770264240.00,22060170713.00,165861554092.58,908561435938.12,187116119590.64,1622476928889.89,399087639080.00,764539201440.00,285480279630.00,233218355898.91,5679241215721.50,2521066365392.00,101609830691.00,231552901485.00,16792644213813.12
2018Q3,144244957526.00,952710879586.83,91079762235.00,68898014642.00,3392769611.00,74952108365.00,422825378362.00,487152595584.00,370631761500.00,33640672275.00,103290409845.00,91079762235.00,43848961749.00,564880657228.69,40469282816.00,103901564018.00,26332610295.00,158530970489.96,1070625149813.63,208771682009.86,1885312041424.56,352197995500.00,603226852200.00,301479723873.00,251079159224.45,8170186472385.00,2801946041971.00,91842949832.00,223749000135.00,19742280186731.98
2018Q4,165289193539.00,1062763555016.83,84558363330.00,59292245790.00,2296404794.00,62784039618.00,316543689986.00,400267147896.00,272800027500.00,30297499875.00,86004497635.00,84558363330.00,30916043136.00,358999702434.66,32120406016.00,97768794200.00,19797046776.00,113416199686.60,802819220378.51,195756924688.03,1593465413344.00,322970818560.00,651349443780.00,227129365332.00,233346860275.55,5203418673127.50,1877098326406.00,74536722345.00,204462215370.00,14666827204165.69
2019Q1,223109764332.00,1119947814670.00,85510927215.00,62735021352.00,3628630600.00,61958634517.00,319681928816.00,410911234080.00,317639572250.00,32345192970.00,83992530804.00,85510927215.00,31377148893.00,466327037431.31,43611496448.00,101501784524.00,24915513998.00,151085993510.89,951830091767.44,198220618392.07,2268956186392.00,274609302760.00,651349443780.00,259337396880.00,274208254562.23,7653762305647.50,1856546154949.00,77449651724.00,185844336435.00,18277904896915.44
2019Q2,204312971000.00,1128579423398.17,106833703410.00,58144653936.00,3473117860.00,62331398111.00,314242314844.00,395068873248.00,288478190000.00,29837813670.00,75207886894.00,106833703410.00,29005747857.00,414646450650.00,45918822400.00,111367544666.00,25169322290.00,155645354329.92,1012165722479.36,249297733365.79,2771244197120.00,275240105140.00,684560809800.00,226083650022.00,257632413438.86,7358153989515.00,2164828726804.00,85845742287.00,230215089825.00,18870365471771.10
2019Q3,200431024551.00,1452263683873.67,110717233095.00,53809306932.00,3213929960.00,58763517997.00,291019347502.00,342591052992.00,274054280500.00,29628865395.00,74216072259.00,110717233095.00,27820047339.00,630983729250.00,57683148800.00,109767691670.00,25317377127.00,113399243539.66,927862662052.16,232658855486.57,2305761773385.00,317924399520.00,707605431120.00,299388293253.00,301577688463.32,6040381977840.00,2082620040976.00,84303603204.00,212600569635.00,17479082080812.38
2019Q4,228830527520.00,1430900517466.67,153216237195.00,53511783118.00,2057951926.00,64993995211.00,325539974632.00,361898930256.00,292554512250.00,32386982625.00,78353356165.00,153216237195.00,30981915387.00,652617457110.00,63071969280.00,125943983074.00,23857979448.00,137107064717.42,987690419418.90,258206334514.21,2024307284615.00,332853389180.00,607971333060.00,316851738930.00,366596151927.73,6775485067596.00,3158183680559.00,84474951991.00,195654955275.00,19319316681642.93
2020Q1,206356100710.00,1130953082213.00,99872659635.00,36170395102.00,1632883770.00,64008834284.00,225325547994.00,298281950040.00,235799564000.00,28876651605.00,68010146400.00,99872659635.00,24065329032.00,579904108696.31,45918822400.00,67727110164.00,15863018250.00,159111488184.18,1042146398700.82,172458899799.47,1775328313780.00,276501709900.00,449370115740.00,354497490090.00,357858466047.82,5396454465108.00,2384051889012.00,71452444179.00,131774448510.00,15799644992981.60
2020Q2,205538848826.00,1222879434631.00,162009134595.00,36255401906.00,1492922304.00,63210055154.00,217166127036.00,288628011408.00,269821176625.00,32178034350.00,68633572742.00,162009134595.00,24702094125.00,653819345551.31,66866913280.00,75548613700.00,22440883151.00,192815168116.94,1474619025440.32,199077563031.25,2052452733492.00,271245023400.00,486648179640.00,409920401520.00,449089885196.73,7764170230950.00,3603480728794.00,79163139594.00,149834905920.00,20705716689074.55
2020Q3,279908770270.00,1659205924277.00,203115929940.00,41695837362.00,1425533450.00,63928956371.00,211517297142.00,279469146552.00,283147614750.00,29796024015.00,79090132751.00,203115929940.00,31091702472.00,836504143920.00,115518095360.00,80437053410.00,29759022237.00,211878871987.13,1683030117328.24,221518643280.64,2450819086828.00,268721813880.00,615426945840.00,612789171660.00,650184512297.82,9215856371379.00,4788655949481.00,87387881370.00,215387677260.00,25450384156810.82
2020Q4,330578387078.00,1926137556901.67,274411673025.00,48623891888.00,1257061315.00,61292985242.00,230137514200.00,278231462112.00,284088304500.00,28918441260.00,80336985435.00,274411673025.00,34429229856.00,752373009362.62,112482140160.00,80881457020.00,23413814937.00,229124792851.90,1740864225096.49,323458620042.43,2152044321826.00,342105157420.00,786228256800.00,700629257700.00,809518275648.91,11479574994678.00,4277592119837.60,103666016135.00,205019636895.00,27971831262248.62
2021Q1,484221741270.00,1703226994449.00,314712452775.00,58102150534.00,1332225806.00,63529566806.00,283487574310.00,359918635152.00,340529689500.00,30381079185.00,79685221532.00,314712452775.00,33704635095.00,739152368550.00,99731128320.00,89325125610.00,30287789512.00,221044210906.19,1653819121652.55,329421505491.50,2855680543751.00,363131903420.00,893317967640.00,751869307890.00,829370754075.00,13291689588030.00,3772008367487.40,95783971933.00,241029067410.00,30324207140867.64
2021Q2,538160365614.00,1663305873227.67,330466393950.00,69748082682.00,1397022781.00,56580188375.00,258172447748.00,318579974856.00,267469452250.00,29378127465.00,68208509327.00,330466393950.00,32409147492.00,662232432598.69,69143879680.00,84614447344.00,32614365522.00,223819652521.38,1838802628641.60,313800228089.00,2714953299366.00,306569956680.00,904162495320.00,679714951500.00,905375526100.00,11076407990025.00,3814482938792.20,100753086756.00,263214444105.00,27955004302758.54
2021Q3,843403944288.00,1812632301200.00,455032440450.00,63585089392.00,1321858290.00,59296037417.00,247920867570.00,312639089544.00,268880486875.00,31007924010.00,69058636157.00,455032440450.00,33045912585.00,715114907821.31,74836295680.00,101412903802.00,38938422131.00,258620794414.63,1755889348494.15,302017310808.86,2340402325849.00,334956063780.00,952962869880.00,649389207510.00,888671180600.00,9231527173680.00,4916764568523.30,105550852792.00,231218448570.00,27551129702564.25
2021Q4,467876703590.00,1940811299642.00,439205225130.00,61289905684.00,1194856219.00,54370232782.00,231811241576.00,289123085184.00,261668532125.00,29712444705.00,49760757116.00,439205225130.00,32958082917.00,709105509628.69,62237081600.00,97679913478.00,43083957567.00,255273305096.64,1782240691812.52,276523388267.29,2498449846466.00,379953300220.00,748272409920.00,566359411896.00,755871633875.00,7741376336694.00,4572173244054.60,145132422589.00,197438704155.00,25130158749119.74
2022Q1,415572583014.00,2005116535739.67,471885493800.00,56699538268.00,1262245073.00,52985682290.00,245410276506.00,315361995312.00,280168763875.00,29837813670.00,45481785405.00,471885493800.00,33155699670.00,652617457110.00,38845046784.00,108523361562.00,43443519314.00,158725893441.31,1742478458153.81,244870224655.28,2093588389543.00,444295142980.00,1050563619000.00,620736608016.00,670679471825.00,7919453635569.00,3674728423765.60,186256131469.00,207360807300.00,24281990096910.67
2022Q2,441316017360.00,2067048192047.00,428360651670.00,57294585896.00,1656210681.00,51920643450.00,240389094378.00,298777023816.00,266371980875.00,27372224025.00,42619691744.00,428360651670.00,34912293030.00,722326150441.31,25395765248.00,121144424086.00,43337765859.00,74098071177.57,1135407832741.12,168531269786.53,1325001131748.00,457962527880.00,1018030035960.00,689126389290.00,731650332900.00,7457877276885.00,2715626880038.10,141191400488.00,210593852145.00,21423700367315.65
2022Q3,505061664312.00,2035542863652.67,390111547980.00,65497742482.00,1788396510.00,50562718929.00,222187309164.00,286400179416.00,248185312375.00,26243903340.00,37688956130.00,390111547980.00,40577306616.00,748767388052.62,27536113664.00,110123214558.00,52347960225.00,99763543367.87,1207994409243.00,168406300112.14,1344486442509.00,414016628740.00,905518061280.00,761280745680.00,793456411250.00,6980630115900.00,2604645279610.80,150958281347.00,203904793845.00,20873795138271.11
2022Q4,542655250976.00,1794074346385.67,351715896000.00,71575728968.00,1897255428.00,48885282756.00,224697900228.00,257933437296.00,240189449500.00,26703589545.00,36017040031.00,351715896000.00,45078577101.00,736748635681.31,26276192256.00,112345232608.00,41286148832.00,124950194335.34,897978144924.00,155105890037.04,1290360579284.00,419904117620.00,809272878120.00,880492291020.00,799135888720.00,8040546198804.00,2274440307908.00,119258755752.00,196881282630.00,20918122388746.35
2023Q1,537751739672.00,1844029682131.50,412973081220.00,63627592794.00,1886887912.00,65872652254.00,250013026790.00,282439589208.00,298668995625.00,27539382645.00,35506963933.00,412973081220.00,40884710454.00,764391717720.00,21433843712.00,131632349282.00,48710041373.00,146391048172.76,1104192421563.38,178760967246.54,1329331200806.00,528402126980.00,822828537720.00,990292398570.00,797799541080.00,7382372502162.00,2553949756096.20,118230663030.00,201563623440.00,21394450124812.37
2023Q2,541837999092.00,2149911382959.00,504126117600.00,64137633618.00,1495514183.00,89596392415.00,315393002415.00,338877999672.00,411081420750.00,27664751610.00,32389832223.00,504126117600.00,48679593489.00,803813148033.38,21616001024.00,160874106820.00,41603409197.00,186649854898.47,1393576565718.75,159390585991.57,1080352229971.00,645941637120.00,1019521158516.00,1191069738090.00,830373014805.00,9648940362243.00,2373090689088.10,109320526106.00,208475650350.00,24903926435598.27
2023Q3,540203495324.00,1969295521518.00,438472483680.00,61332409086.00,1630291891.00,79025881928.00,335163907044.00,374275774656.00,394227396062.50,29712444705.00,32191469296.00,438472483680.00,54893542500.00,615960321796.31,17912135680.00,192160120964.00,44564505937.00,160001322206.19,1358940288679.88,144697666416.57,1327382616872.61,580127922140.00,1069134872652.00,1126235388870.00,710101727205.00,9024957506985.00,2846475746794.50,101952528265.00,167505168262.50,24237006941097.06
2023Q4,773528908206.00,1829787571193.50,420740140590.00,58144653936.00,1397022781.00,79744783145.00,328155173657.00,381083039076.00,470188093375.00,27790120575.00,30264515148.00,420740140590.00,60756172839.00,608508675079.69,21904416768.00,198426211865.00,46489218818.00,206306797614.10,1624271446810.50,161193731539.82,1359641684212.00,414647431120.00,1000814348268.00,952855790472.00,537378794735.00,8965123534563.00,3423306775981.30,97668808590.00,153513887985.00,24654371889532.92
2024Q1,632348645245.00,1822019147045.50,388499516790.00,54489361364.00,3208746202.00,79531775377.00,410481638964.00,568716000180.00,685762827750.00,27330434370.00,32276481979.00,388499516790.00,66750547680.00,705019168153.31,22997360640.00,248510498712.00,41857217489.00,257345365649.74,1928301216262.50,218447944286.21,1842877417513.44,423268396980.00,1390810674960.00,1163881140030.00,539884446560.00,12738937652322.00,2657395727576.60,83104161695.00,168229816245.00,29590782844811.31
2024Q2,509147923732.00,2032737652060.00,378021314055.00,57974640328.00,1840234090.00,100113650960.00,384015824831.00,575151959268.00,635592707750.00,28291596435.00,31709730759.00,378021314055.00,73227985695.00,580745390992.69,22967001088.00,281574127296.00,38451956238.00,285968473173.28,2065884244125.75,177261331153.82,1796762208474.39,502223828210.00,1569745381680.00,1268661814092.00,464046717990.00,14801785082490.00,2664246451395.60,91328903471.00,177817466475.00,31975316912363.53
2024Q3,618046737275.00,2120779792404.00,468075238260.00,62777524754.00,1588821827.00,99314871830.00,359328346035.00,555596545116.00,610977992625.00,26703589545.00,29329375635.00,468075238260.00,91013493465.00,684467126686.31,20887371776.00,347701384464.00,30964611624.00,300540640812.20,1991907968904.00,171726938455.36,2003955907185.11,601364935600.00,1971670688820.00,1392056220672.00,552746792595.00,12005259180957.00,2872508413679.70,80191232316.00,198776515815.00,30738333497392.68
2024Q4,722246352485.00,2446406237941.00,460747823760.00,61034885272.00,1360736475.00,86001886330.00,362257368943.00,680107599780.00,635122362875.00,26578220580.00,28337561000.00,460747823760.00,105505388685.00,738791806419.00,21631180800.00,403518477880.00,33714201454.00,377681119975.67,2345326484128.50,198791910277.97,1859548209815.39,646782706960.00,2006237620800.00,1453125994776.00,620232348415.00,13085119921335.00,2873193527875.10,78135046872.00,349503296175.00,33167788101844.63
2025Q1,633370210100.00,3239432869716.00,520832622660.00,54489361364.00,1482554788.00,94788456760.00,533919032944.00,755977655952.00,668516849000.00,26996117130.00,28337561000.00,520832622660.00,112861123380.00,835783019658.00,25168068608.00,308060582452.00,35469708807.00,395143106442.13,2033920439529.75,176208003651.93,1843093868109.06,604834348690.00,2383084957680.00,1532600358336.00,656981908515.00,10654720946289.00,3468521385932.70,100753086756.00,391309910550.00,32637490737460.56
2025Q2,671168109735.00,3347543439109.00,586632804870.00,54064327344.00,1581046190.00,91726470095.00,696479804338.00,828258427248.00,793315022500.00,28709492985.00,28620936610.00,586632804870.00,125596425240.00,1297422705372.38,26336911360.00,289306750110.00,31810639264.00,567432656635.86,2345326484128.50,221393673606.25,1724233551752.89,726474074300.00,3092723737740.00,2063405449692.00,787108759960.00,14979862381365.00,3633624080851.60,89272718027.00,297886062960.00,40013949748259.48
2025Q3,623154561550.00,3188290744075.00,528599682030.00,53894313736.00,1617332496.00,131399166885.00,732883374766.00,976780560048.00,880799169250.00,32470561935.00,41287826377.00,528599682030.00,151506177300.00,1147308700842.00,28963012608.00,284418310400.00,31810639264.00,508021162637.76,2347250807832.75,204415572867.00,2078216697244.39,655193405360.00,2894133324600.00,1682765076852.00,643117301750.00,26618994635835.00,3261629652039.40,75222117493.00,258587845447.50,50591331415550.80
2025Q4,556752845975.00,2700822128788.00,465437369040.00,53894313736.00,977138383.00,121946947180.00,772006752180.00,941877858840.00,906041010875.00,34810782615.00,41032788328.00,465437369040.00,129329186130.00,1031027413594.50,27384315904.00,245088590915.00,32043296865.00,398943998926.64,2480878507970.25,203862137683.36,2173694667116.00,514734742080.00,2891422192680.00,1527162638724.00,636602607005.00,25073283681600.00,2858122060913.80,68539514800.00,282947166090.00,47636104023977.55
